<?xml version="1.0" encoding="UTF-8"?>
<project-private xmlns="http://www.netbeans.org/ns/project-private/1">
    <editor-bookmarks xmlns="http://www.netbeans.org/ns/editor-bookmarks/2" lastBookmarkId="0"/>
    <open-files xmlns="http://www.netbeans.org/ns/projectui-open-files/2">
        <group>
            <file>file:/C:/Users/huyle/OneDrive/Desktop/Thuy/src/Class/main.java</file>
            <file>file:/C:/Users/huyle/OneDrive/Desktop/Thuy/src/Class/DSNhanVien.java</file>
            <file>file:/C:/Users/huyle/OneDrive/Desktop/Thuy/src/Class/PhongBan.java</file>
            <file>file:/C:/Users/huyle/OneDrive/Desktop/Thuy/src/gui/AdminFrame1.java</file>
            <file>file:/C:/Users/huyle/OneDrive/Desktop/Thuy/src/Class/DSPhongBan.java</file>
            <file>file:/C:/Users/huyle/OneDrive/Desktop/Thuy/src/Class/NhanVien.java</file>
        </group>
    </open-files>
</project-private>
